7757,https://ftp.ncbi.nlm.nih.gov/genomes/all/GCF/010/993/605/GCF_010993605.1_kPetMar1.pri/GCF_010993605.1_kPetMar1.pri_cds_from_genomic.fna.gz,https://ftp.ncbi.nlm.nih.gov/genomes/all/GCA/000/148/955/GCA_000148955.1_Petromyzon_marinus-7.0/GCA_000148955.1_Petromyzon_marinus-7.0_genomic.fna.gz,vertebrata
7757,https://ftp.ncbi.nlm.nih.gov/genomes/all/GCF/010/993/605/GCF_010993605.1_kPetMar1.pri/GCF_010993605.1_kPetMar1.pri_cds_from_genomic.fna.gz,https://ftp.ncbi.nlm.nih.gov/genomes/all/GCA/002/833/325/GCA_002833325.1_Pmar_germline_1.0/GCA_002833325.1_Pmar_germline_1.0_genomic.fna.gz,vertebrata
7757,https://ftp.ncbi.nlm.nih.gov/genomes/all/GCF/010/993/605/GCF_010993605.1_kPetMar1.pri/GCF_010993605.1_kPetMar1.pri_cds_from_genomic.fna.gz,https://ftp.ncbi.nlm.nih.gov/genomes/all/GCA/010/993/595/GCA_010993595.1_kPetMar1.alt/GCA_010993595.1_kPetMar1.alt_genomic.fna.gz,vertebrata
7906,https://ftp.ncbi.nlm.nih.gov/genomes/all/GCF/010/645/085/GCF_010645085.1_ASM1064508v1/GCF_010645085.1_ASM1064508v1_cds_from_genomic.fna.gz,https://ftp.ncbi.nlm.nih.gov/genomes/all/GCA/004/119/895/GCA_004119895.1_ASM411989v1/GCA_004119895.1_ASM411989v1_genomic.fna.gz,actinopterygii
7906,https://ftp.ncbi.nlm.nih.gov/genomes/all/GCF/010/645/085/GCF_010645085.1_ASM1064508v1/GCF_010645085.1_ASM1064508v1_cds_from_genomic.fna.gz,https://ftp.ncbi.nlm.nih.gov/genomes/all/GCA/902/713/425/GCA_902713425.1_fAciRut3.1_maternal_haplotype/GCA_902713425.1_fAciRut3.1_maternal_haplotype_genomic.fna.gz,actinopterygii
7906,https://ftp.ncbi.nlm.nih.gov/genomes/all/GCF/010/645/085/GCF_010645085.1_ASM1064508v1/GCF_010645085.1_ASM1064508v1_cds_from_genomic.fna.gz,https://ftp.ncbi.nlm.nih.gov/genomes/all/GCA/902/713/435/GCA_902713435.2_fAciRut3.2/GCA_902713435.2_fAciRut3.2_genomic.fna.gz,actinopterygii
7936,https://ftp.ncbi.nlm.nih.gov/genomes/all/GCF/013/347/855/GCF_013347855.1_fAngAng1.pri/GCF_013347855.1_fAngAng1.pri_cds_from_genomic.fna.gz,https://ftp.ncbi.nlm.nih.gov/genomes/all/GCA/000/695/075/GCA_000695075.1_Anguilla_anguilla_v1_09_nov_10/GCA_000695075.1_Anguilla_anguilla_v1_09_nov_10_genomic.fna.gz,actinopterygii
7936,https://ftp.ncbi.nlm.nih.gov/genomes/all/GCF/013/347/855/GCF_013347855.1_fAngAng1.pri/GCF_013347855.1_fAngAng1.pri_cds_from_genomic.fna.gz,https://ftp.ncbi.nlm.nih.gov/genomes/all/GCA/013/347/865/GCA_013347865.1_fAngAng1.alt/GCA_013347865.1_fAngAng1.alt_genomic.fna.gz,actinopterygii
7936,https://ftp.ncbi.nlm.nih.gov/genomes/all/GCF/013/347/855/GCF_013347855.1_fAngAng1.pri/GCF_013347855.1_fAngAng1.pri_cds_from_genomic.fna.gz,https://ftp.ncbi.nlm.nih.gov/genomes/all/GCA/018/320/845/GCA_018320845.1_ANANG_Geno_1.0/GCA_018320845.1_ANANG_Geno_1.0_genomic.fna.gz,actinopterygii
7950,https://ftp.ncbi.nlm.nih.gov/genomes/all/GCF/900/700/415/GCF_900700415.2_Ch_v2.0.2/GCF_900700415.2_Ch_v2.0.2_cds_from_genomic.fna.gz,https://ftp.ncbi.nlm.nih.gov/genomes/all/GCA/000/966/335/GCA_000966335.1_ASM96633v1/GCA_000966335.1_ASM96633v1_genomic.fna.gz,actinopterygii
7950,https://ftp.ncbi.nlm.nih.gov/genomes/all/GCF/900/700/415/GCF_900700415.2_Ch_v2.0.2/GCF_900700415.2_Ch_v2.0.2_cds_from_genomic.fna.gz,https://ftp.ncbi.nlm.nih.gov/genomes/all/GCA/900/323/705/GCA_900323705.1_C.harengus/GCA_900323705.1_C.harengus_genomic.fna.gz,actinopterygii
7950,https://ftp.ncbi.nlm.nih.gov/genomes/all/GCF/900/700/415/GCF_900700415.2_Ch_v2.0.2/GCF_900700415.2_Ch_v2.0.2_cds_from_genomic.fna.gz,https://ftp.ncbi.nlm.nih.gov/genomes/all/GCA/902/175/115/GCA_902175115.3_ChASM_A3/GCA_902175115.3_ChASM_A3_genomic.fna.gz,actinopterygii
7957,https://ftp.ncbi.nlm.nih.gov/genomes/all/GCF/003/368/295/GCF_003368295.1_ASM336829v1/GCF_003368295.1_ASM336829v1_cds_from_genomic.fna.gz,https://ftp.ncbi.nlm.nih.gov/genomes/all/GCA/013/115/835/GCA_013115835.1_ASM1311583v1/GCA_013115835.1_ASM1311583v1_genomic.fna.gz,actinopterygii
7957,https://ftp.ncbi.nlm.nih.gov/genomes/all/GCF/003/368/295/GCF_003368295.1_ASM336829v1/GCF_003368295.1_ASM336829v1_cds_from_genomic.fna.gz,https://ftp.ncbi.nlm.nih.gov/genomes/all/GCA/014/332/655/GCA_014332655.1_ASM1433265v1/GCA_014332655.1_ASM1433265v1_genomic.fna.gz,actinopterygii
7957,https://ftp.ncbi.nlm.nih.gov/genomes/all/GCF/003/368/295/GCF_003368295.1_ASM336829v1/GCF_003368295.1_ASM336829v1_cds_from_genomic.fna.gz,https://ftp.ncbi.nlm.nih.gov/genomes/all/GCA/019/720/715/GCA_019720715.1_ASM1972071v1/GCA_019720715.1_ASM1972071v1_genomic.fna.gz,actinopterygii
7957,https://ftp.ncbi.nlm.nih.gov/genomes/all/GCF/003/368/295/GCF_003368295.1_ASM336829v1/GCF_003368295.1_ASM336829v1_cds_from_genomic.fna.gz,https://ftp.ncbi.nlm.nih.gov/genomes/all/GCA/009/069/565/GCA_009069565.1_ASM906956v1/GCA_009069565.1_ASM906956v1_genomic.fna.gz,actinopterygii
7962,https://ftp.ncbi.nlm.nih.gov/genomes/all/GCF/018/340/385/GCF_018340385.1_ASM1834038v1/GCF_018340385.1_ASM1834038v1_cds_from_genomic.fna.gz,https://ftp.ncbi.nlm.nih.gov/genomes/all/GCA/000/951/615/GCA_000951615.2_common_carp_genome/GCA_000951615.2_common_carp_genome_genomic.fna.gz,actinopterygii
7962,https://ftp.ncbi.nlm.nih.gov/genomes/all/GCF/018/340/385/GCF_018340385.1_ASM1834038v1/GCF_018340385.1_ASM1834038v1_cds_from_genomic.fna.gz,https://ftp.ncbi.nlm.nih.gov/genomes/all/GCA/001/270/105/GCA_001270105.1_ASM127010v1/GCA_001270105.1_ASM127010v1_genomic.fna.gz,actinopterygii
7962,https://ftp.ncbi.nlm.nih.gov/genomes/all/GCF/018/340/385/GCF_018340385.1_ASM1834038v1/GCF_018340385.1_ASM1834038v1_cds_from_genomic.fna.gz,https://ftp.ncbi.nlm.nih.gov/genomes/all/GCA/004/011/555/GCA_004011555.1_German_Mirror_carp_1.0/GCA_004011555.1_German_Mirror_carp_1.0_genomic.fna.gz,actinopterygii
7962,https://ftp.ncbi.nlm.nih.gov/genomes/all/GCF/018/340/385/GCF_018340385.1_ASM1834038v1/GCF_018340385.1_ASM1834038v1_cds_from_genomic.fna.gz,https://ftp.ncbi.nlm.nih.gov/genomes/all/GCA/004/011/575/GCA_004011575.1_Hunaghe_carp_2.0/GCA_004011575.1_Hunaghe_carp_2.0_genomic.fna.gz,actinopterygii
7962,https://ftp.ncbi.nlm.nih.gov/genomes/all/GCF/018/340/385/GCF_018340385.1_ASM1834038v1/GCF_018340385.1_ASM1834038v1_cds_from_genomic.fna.gz,https://ftp.ncbi.nlm.nih.gov/genomes/all/GCA/004/011/595/GCA_004011595.1_Hebao_red_carp_1.0/GCA_004011595.1_Hebao_red_carp_1.0_genomic.fna.gz,actinopterygii
7962,https://ftp.ncbi.nlm.nih.gov/genomes/all/GCF/018/340/385/GCF_018340385.1_ASM1834038v1/GCF_018340385.1_ASM1834038v1_cds_from_genomic.fna.gz,https://ftp.ncbi.nlm.nih.gov/genomes/all/GCA/905/221/575/GCA_905221575.1_Cypcar_WagV4.0/GCA_905221575.1_Cypcar_WagV4.0_genomic.fna.gz,actinopterygii
7994,https://ftp.ncbi.nlm.nih.gov/genomes/all/GCF/000/372/685/GCF_000372685.2_Astyanax_mexicanus-2.0/GCF_000372685.2_Astyanax_mexicanus-2.0_cds_from_genomic.fna.gz,https://ftp.ncbi.nlm.nih.gov/genomes/all/GCA/004/802/775/GCA_004802775.1_Astyanax_mexicanus-1.0.2/GCA_004802775.1_Astyanax_mexicanus-1.0.2_genomic.fna.gz,actinopterygii
7994,https://ftp.ncbi.nlm.nih.gov/genomes/all/GCF/000/372/685/GCF_000372685.2_Astyanax_mexicanus-2.0/GCF_000372685.2_Astyanax_mexicanus-2.0_cds_from_genomic.fna.gz,https://ftp.ncbi.nlm.nih.gov/genomes/all/GCA/019/721/115/GCA_019721115.1_AMEX_1.1/GCA_019721115.1_AMEX_1.1_genomic.fna.gz,actinopterygii
8005,https://ftp.ncbi.nlm.nih.gov/genomes/all/GCF/013/358/815/GCF_013358815.1_fEleEle1.pri/GCF_013358815.1_fEleEle1.pri_cds_from_genomic.fna.gz,https://ftp.ncbi.nlm.nih.gov/genomes/all/GCA/003/665/695/GCA_003665695.2_Ee_SOAP_WITH_SSPACE/GCA_003665695.2_Ee_SOAP_WITH_SSPACE_genomic.fna.gz,actinopterygii
8005,https://ftp.ncbi.nlm.nih.gov/genomes/all/GCF/013/358/815/GCF_013358815.1_fEleEle1.pri/GCF_013358815.1_fEleEle1.pri_cds_from_genomic.fna.gz,https://ftp.ncbi.nlm.nih.gov/genomes/all/GCA/013/347/915/GCA_013347915.1_fEleEle1.alt/GCA_013347915.1_fEleEle1.alt_genomic.fna.gz,actinopterygii
8010,https://ftp.ncbi.nlm.nih.gov/genomes/all/GCF/011/004/845/GCF_011004845.1_fEsoLuc1.pri/GCF_011004845.1_fEsoLuc1.pri_cds_from_genomic.fna.gz,https://ftp.ncbi.nlm.nih.gov/genomes/all/GCA/000/721/915/GCA_000721915.3_Eluc_V3/GCA_000721915.3_Eluc_V3_genomic.fna.gz,actinopterygii
8010,https://ftp.ncbi.nlm.nih.gov/genomes/all/GCF/011/004/845/GCF_011004845.1_fEsoLuc1.pri/GCF_011004845.1_fEsoLuc1.pri_cds_from_genomic.fna.gz,https://ftp.ncbi.nlm.nih.gov/genomes/all/GCA/004/634/155/GCA_004634155.1_Eluc_v4/GCA_004634155.1_Eluc_v4_genomic.fna.gz,actinopterygii
8010,https://ftp.ncbi.nlm.nih.gov/genomes/all/GCF/011/004/845/GCF_011004845.1_fEsoLuc1.pri/GCF_011004845.1_fEsoLuc1.pri_cds_from_genomic.fna.gz,https://ftp.ncbi.nlm.nih.gov/genomes/all/GCA/007/844/535/GCA_007844535.1_INRA_Eluc_1.0/GCA_007844535.1_INRA_Eluc_1.0_genomic.fna.gz,actinopterygii
8010,https://ftp.ncbi.nlm.nih.gov/genomes/all/GCF/011/004/845/GCF_011004845.1_fEsoLuc1.pri/GCF_011004845.1_fEsoLuc1.pri_cds_from_genomic.fna.gz,https://ftp.ncbi.nlm.nih.gov/genomes/all/GCA/011/004/835/GCA_011004835.1_fEsoLuc1.alt/GCA_011004835.1_fEsoLuc1.alt_genomic.fna.gz,actinopterygii
8022,https://ftp.ncbi.nlm.nih.gov/genomes/all/GCF/013/265/735/GCF_013265735.2_USDA_OmykA_1.1/GCF_013265735.2_USDA_OmykA_1.1_cds_from_genomic.fna.gz,https://ftp.ncbi.nlm.nih.gov/genomes/all/GCA/002/163/495/GCA_002163495.1_Omyk_1.0/GCA_002163495.1_Omyk_1.0_genomic.fna.gz,actinopterygii
8022,https://ftp.ncbi.nlm.nih.gov/genomes/all/GCF/013/265/735/GCF_013265735.2_USDA_OmykA_1.1/GCF_013265735.2_USDA_OmykA_1.1_cds_from_genomic.fna.gz,https://ftp.ncbi.nlm.nih.gov/genomes/all/GCA/900/005/705/GCA_900005705.1_AUL_PRJEB4421_v1/GCA_900005705.1_AUL_PRJEB4421_v1_genomic.fna.gz,actinopterygii
8022,https://ftp.ncbi.nlm.nih.gov/genomes/all/GCF/013/265/735/GCF_013265735.2_USDA_OmykA_1.1/GCF_013265735.2_USDA_OmykA_1.1_cds_from_genomic.fna.gz,https://ftp.ncbi.nlm.nih.gov/genomes/all/GCA/905/477/455/GCA_905477455.1_MSM_MAG_01/GCA_905477455.1_MSM_MAG_01_genomic.fna.gz,actinopterygii
8030,https://ftp.ncbi.nlm.nih.gov/genomes/all/GCF/905/237/065/GCF_905237065.1_Ssal_v3.1/GCF_905237065.1_Ssal_v3.1_cds_from_genomic.fna.gz,https://ftp.ncbi.nlm.nih.gov/genomes/all/GCA/000/233/375/GCA_000233375.4_ICSASG_v2/GCA_000233375.4_ICSASG_v2_genomic.fna.gz,actinopterygii
8030,https://ftp.ncbi.nlm.nih.gov/genomes/all/GCF/905/237/065/GCF_905237065.1_Ssal_v3.1/GCF_905237065.1_Ssal_v3.1_cds_from_genomic.fna.gz,https://ftp.ncbi.nlm.nih.gov/genomes/all/GCA/021/399/835/GCA_021399835.1_USDA_NASsal_1.1/GCA_021399835.1_USDA_NASsal_1.1_genomic.fna.gz,actinopterygii
8030,https://ftp.ncbi.nlm.nih.gov/genomes/all/GCF/905/237/065/GCF_905237065.1_Ssal_v3.1/GCF_905237065.1_Ssal_v3.1_cds_from_genomic.fna.gz,https://ftp.ncbi.nlm.nih.gov/genomes/all/GCA/905/477/595/GCA_905477595.1_MSS_MAG_01/GCA_905477595.1_MSS_MAG_01_genomic.fna.gz,actinopterygii
8049,https://ftp.ncbi.nlm.nih.gov/genomes/all/GCF/902/167/405/GCF_902167405.1_gadMor3.0/GCF_902167405.1_gadMor3.0_cds_from_genomic.fna.gz,https://ftp.ncbi.nlm.nih.gov/genomes/all/GCA/000/231/765/GCA_000231765.1_GadMor_May2010/GCA_000231765.1_GadMor_May2010_genomic.fna.gz,actinopterygii
8049,https://ftp.ncbi.nlm.nih.gov/genomes/all/GCF/902/167/405/GCF_902167405.1_gadMor3.0/GCF_902167405.1_gadMor3.0_cds_from_genomic.fna.gz,https://ftp.ncbi.nlm.nih.gov/genomes/all/GCA/010/882/105/GCA_010882105.1_gadMor_Celtic/GCA_010882105.1_gadMor_Celtic_genomic.fna.gz,actinopterygii
8049,https://ftp.ncbi.nlm.nih.gov/genomes/all/GCF/902/167/405/GCF_902167405.1_gadMor3.0/GCF_902167405.1_gadMor3.0_cds_from_genomic.fna.gz,https://ftp.ncbi.nlm.nih.gov/genomes/all/GCA/900/302/565/GCA_900302565.1_ASM90030256v1/GCA_900302565.1_ASM90030256v1_genomic.fna.gz,actinopterygii
8049,https://ftp.ncbi.nlm.nih.gov/genomes/all/GCF/902/167/405/GCF_902167405.1_gadMor3.0/GCF_902167405.1_gadMor3.0_cds_from_genomic.fna.gz,https://ftp.ncbi.nlm.nih.gov/genomes/all/GCA/902/167/395/GCA_902167395.1_gadMor3.0_alternate_haplotype/GCA_902167395.1_gadMor3.0_alternate_haplotype_genomic.fna.gz,actinopterygii
8049,https://ftp.ncbi.nlm.nih.gov/genomes/all/GCF/902/167/405/GCF_902167405.1_gadMor3.0/GCF_902167405.1_gadMor3.0_cds_from_genomic.fna.gz,https://ftp.ncbi.nlm.nih.gov/genomes/all/GCA/905/250/895/GCA_905250895.1_gadMor_Stat/GCA_905250895.1_gadMor_Stat_genomic.fna.gz,actinopterygii
8103,https://ftp.ncbi.nlm.nih.gov/genomes/all/GCF/009/769/545/GCF_009769545.1_fCycLum1.pri/GCF_009769545.1_fCycLum1.pri_cds_from_genomic.fna.gz,https://ftp.ncbi.nlm.nih.gov/genomes/all/GCA/009/769/515/GCA_009769515.1_fCycLum1.alt/GCA_009769515.1_fCycLum1.alt_genomic.fna.gz,actinopterygii
8103,https://ftp.ncbi.nlm.nih.gov/genomes/all/GCF/009/769/545/GCF_009769545.1_fCycLum1.pri/GCF_009769545.1_fCycLum1.pri_cds_from_genomic.fna.gz,https://ftp.ncbi.nlm.nih.gov/genomes/all/GCA/021/186/565/GCA_021186565.1_lmpF_NL/GCA_021186565.1_lmpF_NL_genomic.fna.gz,actinopterygii
8128,https://ftp.ncbi.nlm.nih.gov/genomes/all/GCF/001/858/045/GCF_001858045.2_O_niloticus_UMD_NMBU/GCF_001858045.2_O_niloticus_UMD_NMBU_cds_from_genomic.fna.gz,https://ftp.ncbi.nlm.nih.gov/genomes/all/GCA/000/188/235/GCA_000188235.2_Orenil1.1/GCA_000188235.2_Orenil1.1_genomic.fna.gz,actinopterygii
8128,https://ftp.ncbi.nlm.nih.gov/genomes/all/GCF/001/858/045/GCF_001858045.2_O_niloticus_UMD_NMBU/GCF_001858045.2_O_niloticus_UMD_NMBU_cds_from_genomic.fna.gz,https://ftp.ncbi.nlm.nih.gov/genomes/all/GCA/013/350/305/GCA_013350305.1_XX_nile/GCA_013350305.1_XX_nile_genomic.fna.gz,actinopterygii
8128,https://ftp.ncbi.nlm.nih.gov/genomes/all/GCF/001/858/045/GCF_001858045.2_O_niloticus_UMD_NMBU/GCF_001858045.2_O_niloticus_UMD_NMBU_cds_from_genomic.fna.gz,https://ftp.ncbi.nlm.nih.gov/genomes/all/GCA/922/820/385/GCA_922820385.1_Nile_Tilapia_GIFT/GCA_922820385.1_Nile_Tilapia_GIFT_genomic.fna.gz,actinopterygii
8153,https://ftp.ncbi.nlm.nih.gov/genomes/all/GCF/018/398/535/GCF_018398535.1_NCSU_Asbu1/GCF_018398535.1_NCSU_Asbu1_cds_from_genomic.fna.gz,https://ftp.ncbi.nlm.nih.gov/genomes/all/GCA/000/239/415/GCA_000239415.1_AstBur1.0/GCA_000239415.1_AstBur1.0_genomic.fna.gz,actinopterygii
8153,https://ftp.ncbi.nlm.nih.gov/genomes/all/GCF/018/398/535/GCF_018398535.1_NCSU_Asbu1/GCF_018398535.1_NCSU_Asbu1_cds_from_genomic.fna.gz,https://ftp.ncbi.nlm.nih.gov/genomes/all/GCA/015/108/015/GCA_015108015.1_IZA1.scf/GCA_015108015.1_IZA1.scf_genomic.fna.gz,actinopterygii
8153,https://ftp.ncbi.nlm.nih.gov/genomes/all/GCF/018/398/535/GCF_018398535.1_NCSU_Asbu1/GCF_018398535.1_NCSU_Asbu1_cds_from_genomic.fna.gz,https://ftp.ncbi.nlm.nih.gov/genomes/all/GCA/015/110/255/GCA_015110255.1_JYD5.scf/GCA_015110255.1_JYD5.scf_genomic.fna.gz,actinopterygii
8168,https://ftp.ncbi.nlm.nih.gov/genomes/all/GCF/010/015/445/GCF_010015445.1_GENO_Pfluv_1.0/GCF_010015445.1_GENO_Pfluv_1.0_cds_from_genomic.fna.gz,https://ftp.ncbi.nlm.nih.gov/genomes/all/GCA/003/412/525/GCA_003412525.1_UTU_Pfluv_1.1/GCA_003412525.1_UTU_Pfluv_1.1_genomic.fna.gz,actinopterygii
8168,https://ftp.ncbi.nlm.nih.gov/genomes/all/GCF/010/015/445/GCF_010015445.1_GENO_Pfluv_1.0/GCF_010015445.1_GENO_Pfluv_1.0_cds_from_genomic.fna.gz,https://ftp.ncbi.nlm.nih.gov/genomes/all/GCA/900/302/645/GCA_900302645.1_ASM90030264v1/GCA_900302645.1_ASM90030264v1_genomic.fna.gz,actinopterygii
8175,https://ftp.ncbi.nlm.nih.gov/genomes/all/GCF/900/880/675/GCF_900880675.1_fSpaAur1.1/GCF_900880675.1_fSpaAur1.1_cds_from_genomic.fna.gz,https://ftp.ncbi.nlm.nih.gov/genomes/all/GCA/003/309/015/GCA_003309015.1_ASM330901v1/GCA_003309015.1_ASM330901v1_genomic.fna.gz,actinopterygii
8175,https://ftp.ncbi.nlm.nih.gov/genomes/all/GCF/900/880/675/GCF_900880675.1_fSpaAur1.1/GCF_900880675.1_fSpaAur1.1_cds_from_genomic.fna.gz,https://ftp.ncbi.nlm.nih.gov/genomes/all/GCA/900/880/695/GCA_900880695.1_fSpaAur1.1_alternate_haplotype/GCA_900880695.1_fSpaAur1.1_alternate_haplotype_genomic.fna.gz,actinopterygii
8177,https://ftp.ncbi.nlm.nih.gov/genomes/all/GCF/904/848/185/GCF_904848185.1_fAcaLat1.1/GCF_904848185.1_fAcaLat1.1_cds_from_genomic.fna.gz,https://ftp.ncbi.nlm.nih.gov/genomes/all/GCA/013/436/515/GCA_013436515.1_ASM1343651v1/GCA_013436515.1_ASM1343651v1_genomic.fna.gz,actinopterygii
8177,https://ftp.ncbi.nlm.nih.gov/genomes/all/GCF/904/848/185/GCF_904848185.1_fAcaLat1.1/GCF_904848185.1_fAcaLat1.1_cds_from_genomic.fna.gz,https://ftp.ncbi.nlm.nih.gov/genomes/all/GCA/020/080/195/GCA_020080195.1_ASM2008019v1/GCA_020080195.1_ASM2008019v1_genomic.fna.gz,actinopterygii
8177,https://ftp.ncbi.nlm.nih.gov/genomes/all/GCF/904/848/185/GCF_904848185.1_fAcaLat1.1/GCF_904848185.1_fAcaLat1.1_cds_from_genomic.fna.gz,https://ftp.ncbi.nlm.nih.gov/genomes/all/GCA/904/848/175/GCA_904848175.1_fAcaLat1.1_alternate_haplotype/GCA_904848175.1_fAcaLat1.1_alternate_haplotype_genomic.fna.gz,actinopterygii
8187,https://ftp.ncbi.nlm.nih.gov/genomes/all/GCF/001/640/805/GCF_001640805.1_ASM164080v1/GCF_001640805.1_ASM164080v1_cds_from_genomic.fna.gz,https://ftp.ncbi.nlm.nih.gov/genomes/all/GCA/001/010/145/GCA_001010145.1_ASM101014v1/GCA_001010145.1_ASM101014v1_genomic.fna.gz,actinopterygii
8187,https://ftp.ncbi.nlm.nih.gov/genomes/all/GCF/001/640/805/GCF_001640805.1_ASM164080v1/GCF_001640805.1_ASM164080v1_cds_from_genomic.fna.gz,https://ftp.ncbi.nlm.nih.gov/genomes/all/GCA/900/066/035/GCA_900066035.1_ASB_HGAPassembly_v1/GCA_900066035.1_ASB_HGAPassembly_v1_genomic.fna.gz,actinopterygii
8187,https://ftp.ncbi.nlm.nih.gov/genomes/all/GCF/001/640/805/GCF_001640805.1_ASM164080v1/GCF_001640805.1_ASM164080v1_cds_from_genomic.fna.gz,https://ftp.ncbi.nlm.nih.gov/genomes/all/GCA/900/066/045/GCA_900066045.1_ASB_FALCONassembly_v1/GCA_900066045.1_ASB_FALCONassembly_v1_genomic.fna.gz,actinopterygii
8236,https://ftp.ncbi.nlm.nih.gov/genomes/all/GCF/914/725/855/GCF_914725855.1_fThuAlb1.1/GCF_914725855.1_fThuAlb1.1_cds_from_genomic.fna.gz,https://ftp.ncbi.nlm.nih.gov/genomes/all/GCA/900/302/625/GCA_900302625.1_ASM90030262v1/GCA_900302625.1_ASM90030262v1_genomic.fna.gz,actinopterygii
8236,https://ftp.ncbi.nlm.nih.gov/genomes/all/GCF/914/725/855/GCF_914725855.1_fThuAlb1.1/GCF_914725855.1_fThuAlb1.1_cds_from_genomic.fna.gz,https://ftp.ncbi.nlm.nih.gov/genomes/all/GCA/914/744/365/GCA_914744365.1_fThuAlb1.1_alternate_haplotype/GCA_914744365.1_fThuAlb1.1_alternate_haplotype_genomic.fna.gz,actinopterygii
8407,https://ftp.ncbi.nlm.nih.gov/genomes/all/GCF/905/171/775/GCF_905171775.1_aRanTem1.1/GCF_905171775.1_aRanTem1.1_cds_from_genomic.fna.gz,https://ftp.ncbi.nlm.nih.gov/genomes/all/GCA/009/802/015/GCA_009802015.1_UCB_Rtem_1.0/GCA_009802015.1_UCB_Rtem_1.0_genomic.fna.gz,tetrapoda
8407,https://ftp.ncbi.nlm.nih.gov/genomes/all/GCF/905/171/775/GCF_905171775.1_aRanTem1.1/GCF_905171775.1_aRanTem1.1_cds_from_genomic.fna.gz,https://ftp.ncbi.nlm.nih.gov/genomes/all/GCA/905/171/725/GCA_905171725.1_aRanTem1.1_alternate_haplotype/GCA_905171725.1_aRanTem1.1_alternate_haplotype_genomic.fna.gz,tetrapoda
8469,https://ftp.ncbi.nlm.nih.gov/genomes/all/GCF/015/237/465/GCF_015237465.2_rCheMyd1.pri.v2/GCF_015237465.2_rCheMyd1.pri.v2_cds_from_genomic.fna.gz,https://ftp.ncbi.nlm.nih.gov/genomes/all/GCA/000/344/595/GCA_000344595.1_CheMyd_1.0/GCA_000344595.1_CheMyd_1.0_genomic.fna.gz,sauropsida
8469,https://ftp.ncbi.nlm.nih.gov/genomes/all/GCF/015/237/465/GCF_015237465.2_rCheMyd1.pri.v2/GCF_015237465.2_rCheMyd1.pri.v2_cds_from_genomic.fna.gz,https://ftp.ncbi.nlm.nih.gov/genomes/all/GCA/015/220/195/GCA_015220195.2_rCheMyd1.alt.v2/GCA_015220195.2_rCheMyd1.alt.v2_genomic.fna.gz,sauropsida
8496,https://ftp.ncbi.nlm.nih.gov/genomes/all/GCF/000/281/125/GCF_000281125.3_ASM28112v4/GCF_000281125.3_ASM28112v4_cds_from_genomic.fna.gz,https://ftp.ncbi.nlm.nih.gov/genomes/all/GCA/001/541/155/GCA_001541155.1_Algmis_Hirise_1.0/GCA_001541155.1_Algmis_Hirise_1.0_genomic.fna.gz,sauropsida
8496,https://ftp.ncbi.nlm.nih.gov/genomes/all/GCF/000/281/125/GCF_000281125.3_ASM28112v4/GCF_000281125.3_ASM28112v4_cds_from_genomic.fna.gz,https://ftp.ncbi.nlm.nih.gov/genomes/all/GCA/001/541/185/GCA_001541185.1_Algmis_1.0/GCA_001541185.1_Algmis_1.0_genomic.fna.gz,sauropsida
8790,https://ftp.ncbi.nlm.nih.gov/genomes/all/GCF/003/342/905/GCF_003342905.1_droNov1/GCF_003342905.1_droNov1_cds_from_genomic.fna.gz,https://ftp.ncbi.nlm.nih.gov/genomes/all/GCA/013/396/795/GCA_013396795.1_ASM1339679v1/GCA_013396795.1_ASM1339679v1_genomic.fna.gz,aves
8790,https://ftp.ncbi.nlm.nih.gov/genomes/all/GCF/003/342/905/GCF_003342905.1_droNov1/GCF_003342905.1_droNov1_cds_from_genomic.fna.gz,https://ftp.ncbi.nlm.nih.gov/genomes/all/GCA/016/128/335/GCA_016128335.1_ZJU1.0/GCA_016128335.1_ZJU1.0_genomic.fna.gz,aves
8790,https://ftp.ncbi.nlm.nih.gov/genomes/all/GCF/003/342/905/GCF_003342905.1_droNov1/GCF_003342905.1_droNov1_cds_from_genomic.fna.gz,https://ftp.ncbi.nlm.nih.gov/genomes/all/GCA/020/892/015/GCA_020892015.1_emu_female_v2.2_1/GCA_020892015.1_emu_female_v2.2_1_genomic.fna.gz,aves
8790,https://ftp.ncbi.nlm.nih.gov/genomes/all/GCF/003/342/905/GCF_003342905.1_droNov1/GCF_003342905.1_droNov1_cds_from_genomic.fna.gz,https://ftp.ncbi.nlm.nih.gov/genomes/all/GCA/020/892/035/GCA_020892035.1_emu_female_v2.2_2/GCA_020892035.1_emu_female_v2.2_2_genomic.fna.gz,aves
8790,https://ftp.ncbi.nlm.nih.gov/genomes/all/GCF/003/342/905/GCF_003342905.1_droNov1/GCF_003342905.1_droNov1_cds_from_genomic.fna.gz,https://ftp.ncbi.nlm.nih.gov/genomes/all/GCA/020/892/055/GCA_020892055.1_emu_male_v1.2/GCA_020892055.1_emu_male_v1.2_genomic.fna.gz,aves
8839,https://ftp.ncbi.nlm.nih.gov/genomes/all/GCF/015/476/345/GCF_015476345.1_ZJU1.0/GCF_015476345.1_ZJU1.0_cds_from_genomic.fna.gz,https://ftp.ncbi.nlm.nih.gov/genomes/all/GCA/000/355/885/GCA_000355885.1_BGI_duck_1.0/GCA_000355885.1_BGI_duck_1.0_genomic.fna.gz,aves
8839,https://ftp.ncbi.nlm.nih.gov/genomes/all/GCF/015/476/345/GCF_015476345.1_ZJU1.0/GCF_015476345.1_ZJU1.0_cds_from_genomic.fna.gz,https://ftp.ncbi.nlm.nih.gov/genomes/all/GCA/002/224/895/GCA_002224895.1_ASM222489v1/GCA_002224895.1_ASM222489v1_genomic.fna.gz,aves
8839,https://ftp.ncbi.nlm.nih.gov/genomes/all/GCF/015/476/345/GCF_015476345.1_ZJU1.0/GCF_015476345.1_ZJU1.0_cds_from_genomic.fna.gz,https://ftp.ncbi.nlm.nih.gov/genomes/all/GCA/003/850/225/GCA_003850225.1_IASCAAS_PekingDuck_PBH1.5/GCA_003850225.1_IASCAAS_PekingDuck_PBH1.5_genomic.fna.gz,aves
8839,https://ftp.ncbi.nlm.nih.gov/genomes/all/GCF/015/476/345/GCF_015476345.1_ZJU1.0/GCF_015476345.1_ZJU1.0_cds_from_genomic.fna.gz,https://ftp.ncbi.nlm.nih.gov/genomes/all/GCA/008/746/955/GCA_008746955.1_CAU_Wild1.0/GCA_008746955.1_CAU__Wild1.0_genomic.fna.gz,aves
8839,https://ftp.ncbi.nlm.nih.gov/genomes/all/GCF/015/476/345/GCF_015476345.1_ZJU1.0/GCF_015476345.1_ZJU1.0_cds_from_genomic.fna.gz,https://ftp.ncbi.nlm.nih.gov/genomes/all/GCA/017/639/285/GCA_017639285.1_CAU_Pekin_2.0/GCA_017639285.1_CAU_Pekin_2.0_genomic.fna.gz,aves
8839,https://ftp.ncbi.nlm.nih.gov/genomes/all/GCF/015/476/345/GCF_015476345.1_ZJU1.0/GCF_015476345.1_ZJU1.0_cds_from_genomic.fna.gz,https://ftp.ncbi.nlm.nih.gov/genomes/all/GCA/017/639/305/GCA_017639305.1_CAU_Laying_1.0/GCA_017639305.1_CAU_Laying_1.0_genomic.fna.gz,aves
8839,https://ftp.ncbi.nlm.nih.gov/genomes/all/GCF/015/476/345/GCF_015476345.1_ZJU1.0/GCF_015476345.1_ZJU1.0_cds_from_genomic.fna.gz,https://ftp.ncbi.nlm.nih.gov/genomes/all/GCA/900/411/745/GCA_900411745.1_duckbase.refseq.v4/GCA_900411745.1_duckbase.refseq.v4_genomic.fna.gz,aves
8839,https://ftp.ncbi.nlm.nih.gov/genomes/all/GCF/015/476/345/GCF_015476345.1_ZJU1.0/GCF_015476345.1_ZJU1.0_cds_from_genomic.fna.gz,https://ftp.ncbi.nlm.nih.gov/genomes/all/GCA/002/743/455/GCA_002743455.1_CAU_duck1.0/GCA_002743455.1_CAU_duck1.0_genomic.fna.gz,aves
8845,https://ftp.ncbi.nlm.nih.gov/genomes/all/GCF/000/971/095/GCF_000971095.1_AnsCyg_PRJNA183603_v1.0/GCF_000971095.1_AnsCyg_PRJNA183603_v1.0_cds_from_genomic.fna.gz,https://ftp.ncbi.nlm.nih.gov/genomes/all/GCA/002/166/845/GCA_002166845.1_GooseV1.0/GCA_002166845.1_GooseV1.0_genomic.fna.gz,aves
8845,https://ftp.ncbi.nlm.nih.gov/genomes/all/GCF/000/971/095/GCF_000971095.1_AnsCyg_PRJNA183603_v1.0/GCF_000971095.1_AnsCyg_PRJNA183603_v1.0_cds_from_genomic.fna.gz,https://ftp.ncbi.nlm.nih.gov/genomes/all/GCA/013/030/995/GCA_013030995.1_ASM1303099v1/GCA_013030995.1_ASM1303099v1_genomic.fna.gz,aves
8868,https://ftp.ncbi.nlm.nih.gov/genomes/all/GCF/013/377/495/GCF_013377495.1_Cygnus_atratus_primary_v1.0/GCF_013377495.1_Cygnus_atratus_primary_v1.0_cds_from_genomic.fna.gz,https://ftp.ncbi.nlm.nih.gov/genomes/all/GCA/907/166/815/GCA_907166815.1_blackswan2.fasta.gz/GCA_907166815.1_blackswan2.fasta.gz_genomic.fna.gz,aves
8868,https://ftp.ncbi.nlm.nih.gov/genomes/all/GCF/013/377/495/GCF_013377495.1_Cygnus_atratus_primary_v1.0/GCF_013377495.1_Cygnus_atratus_primary_v1.0_cds_from_genomic.fna.gz,https://ftp.ncbi.nlm.nih.gov/genomes/all/GCA/907/166/825/GCA_907166825.1_blackswan6.fasta.gz/GCA_907166825.1_blackswan6.fasta.gz_genomic.fna.gz,aves
8868,https://ftp.ncbi.nlm.nih.gov/genomes/all/GCF/013/377/495/GCF_013377495.1_Cygnus_atratus_primary_v1.0/GCF_013377495.1_Cygnus_atratus_primary_v1.0_cds_from_genomic.fna.gz,https://ftp.ncbi.nlm.nih.gov/genomes/all/GCA/907/166/835/GCA_907166835.1_blackswan7.fasta.gz/GCA_907166835.1_blackswan7.fasta.gz_genomic.fna.gz,aves
8868,https://ftp.ncbi.nlm.nih.gov/genomes/all/GCF/013/377/495/GCF_013377495.1_Cygnus_atratus_primary_v1.0/GCF_013377495.1_Cygnus_atratus_primary_v1.0_cds_from_genomic.fna.gz,https://ftp.ncbi.nlm.nih.gov/genomes/all/GCA/907/166/845/GCA_907166845.1_blackswan3.fasta.gz/GCA_907166845.1_blackswan3.fasta.gz_genomic.fna.gz,aves
8868,https://ftp.ncbi.nlm.nih.gov/genomes/all/GCF/013/377/495/GCF_013377495.1_Cygnus_atratus_primary_v1.0/GCF_013377495.1_Cygnus_atratus_primary_v1.0_cds_from_genomic.fna.gz,https://ftp.ncbi.nlm.nih.gov/genomes/all/GCA/907/166/935/GCA_907166935.1_blackswan5.fasta.gz/GCA_907166935.1_blackswan5.fasta.gz_genomic.fna.gz,aves
8868,https://ftp.ncbi.nlm.nih.gov/genomes/all/GCF/013/377/495/GCF_013377495.1_Cygnus_atratus_primary_v1.0/GCF_013377495.1_Cygnus_atratus_primary_v1.0_cds_from_genomic.fna.gz,https://ftp.ncbi.nlm.nih.gov/genomes/all/GCA/910/591/715/GCA_910591715.1_blackswan9.fasta.gz/GCA_910591715.1_blackswan9.fasta.gz_genomic.fna.gz,aves
8868,https://ftp.ncbi.nlm.nih.gov/genomes/all/GCF/013/377/495/GCF_013377495.1_Cygnus_atratus_primary_v1.0/GCF_013377495.1_Cygnus_atratus_primary_v1.0_cds_from_genomic.fna.gz,https://ftp.ncbi.nlm.nih.gov/genomes/all/GCA/910/591/725/GCA_910591725.1_blackswan10.fasta.gz/GCA_910591725.1_blackswan10.fasta.gz_genomic.fna.gz,aves
8868,https://ftp.ncbi.nlm.nih.gov/genomes/all/GCF/013/377/495/GCF_013377495.1_Cygnus_atratus_primary_v1.0/GCF_013377495.1_Cygnus_atratus_primary_v1.0_cds_from_genomic.fna.gz,https://ftp.ncbi.nlm.nih.gov/genomes/all/GCA/910/591/735/GCA_910591735.1_blackswan8.fasta.gz/GCA_910591735.1_blackswan8.fasta.gz_genomic.fna.gz,aves
8868,https://ftp.ncbi.nlm.nih.gov/genomes/all/GCF/013/377/495/GCF_013377495.1_Cygnus_atratus_primary_v1.0/GCF_013377495.1_Cygnus_atratus_primary_v1.0_cds_from_genomic.fna.gz,https://ftp.ncbi.nlm.nih.gov/genomes/all/GCA/910/591/745/GCA_910591745.1_blackswan1.fasta.gz/GCA_910591745.1_blackswan1.fasta.gz_genomic.fna.gz,aves
8954,https://ftp.ncbi.nlm.nih.gov/genomes/all/GCF/000/337/955/GCF_000337955.1_F_peregrinus_v1.0/GCF_000337955.1_F_peregrinus_v1.0_cds_from_genomic.fna.gz,https://ftp.ncbi.nlm.nih.gov/genomes/all/GCA/001/887/755/GCA_001887755.1_falPer2/GCA_001887755.1_falPer2_genomic.fna.gz,aves
8954,https://ftp.ncbi.nlm.nih.gov/genomes/all/GCF/000/337/955/GCF_000337955.1_F_peregrinus_v1.0/GCF_000337955.1_F_peregrinus_v1.0_cds_from_genomic.fna.gz,https://ftp.ncbi.nlm.nih.gov/genomes/all/GCA/012/488/915/GCA_012488915.1_Fperegrinus_1.0/GCA_012488915.1_Fperegrinus_1.0_genomic.fna.gz,aves
8962,https://ftp.ncbi.nlm.nih.gov/genomes/all/GCF/900/496/995/GCF_900496995.4_bAquChr1.4/GCF_900496995.4_bAquChr1.4_cds_from_genomic.fna.gz,https://ftp.ncbi.nlm.nih.gov/genomes/all/GCA/000/696/035/GCA_000696035.1_AquilaChrysaetos1/GCA_000696035.1_AquilaChrysaetos1_genomic.fna.gz,aves
8962,https://ftp.ncbi.nlm.nih.gov/genomes/all/GCF/900/496/995/GCF_900496995.4_bAquChr1.4/GCF_900496995.4_bAquChr1.4_cds_from_genomic.fna.gz,https://ftp.ncbi.nlm.nih.gov/genomes/all/GCA/000/766/835/GCA_000766835.1_Aquila_chrysaetos-1.0.2/GCA_000766835.1_Aquila_chrysaetos-1.0.2_genomic.fna.gz,aves
8962,https://ftp.ncbi.nlm.nih.gov/genomes/all/GCF/900/496/995/GCF_900496995.4_bAquChr1.4/GCF_900496995.4_bAquChr1.4_cds_from_genomic.fna.gz,https://ftp.ncbi.nlm.nih.gov/genomes/all/GCA/902/153/765/GCA_902153765.2_bAquChr1.4_alternate_haplotype/GCA_902153765.2_bAquChr1.4_alternate_haplotype_genomic.fna.gz,aves
8962,https://ftp.ncbi.nlm.nih.gov/genomes/all/GCF/900/496/995/GCF_900496995.4_bAquChr1.4/GCF_900496995.4_bAquChr1.4_cds_from_genomic.fna.gz,https://ftp.ncbi.nlm.nih.gov/genomes/all/GCA/012/057/345/GCA_012057345.1_Achrysaetos_1.0/GCA_012057345.1_Achrysaetos_1.0_genomic.fna.gz,aves
8969,https://ftp.ncbi.nlm.nih.gov/genomes/all/GCF/000/691/405/GCF_000691405.1_ASM69140v1/GCF_000691405.1_ASM69140v1_cds_from_genomic.fna.gz,https://ftp.ncbi.nlm.nih.gov/genomes/all/GCA/004/320/185/GCA_004320185.1_Haliaeetus_albicilla_ver1.0/GCA_004320185.1_Haliaeetus_albicilla_ver1.0_genomic.fna.gz,aves
8969,https://ftp.ncbi.nlm.nih.gov/genomes/all/GCF/000/691/405/GCF_000691405.1_ASM69140v1/GCF_000691405.1_ASM69140v1_cds_from_genomic.fna.gz,https://ftp.ncbi.nlm.nih.gov/genomes/all/GCA/013/398/555/GCA_013398555.1_ASM1339855v1/GCA_013398555.1_ASM1339855v1_genomic.fna.gz,aves
9031,https://ftp.ncbi.nlm.nih.gov/genomes/all/GCF/016/699/485/GCF_016699485.2_bGalGal1.mat.broiler.GRCg7b/GCF_016699485.2_bGalGal1.mat.broiler.GRCg7b_cds_from_genomic.fna.gz,https://ftp.ncbi.nlm.nih.gov/genomes/all/GCA/000/002/315/GCA_000002315.5_GRCg6a/GCA_000002315.5_GRCg6a_genomic.fna.gz,aves
9031,https://ftp.ncbi.nlm.nih.gov/genomes/all/GCF/016/699/485/GCF_016699485.2_bGalGal1.mat.broiler.GRCg7b/GCF_016699485.2_bGalGal1.mat.broiler.GRCg7b_cds_from_genomic.fna.gz,https://ftp.ncbi.nlm.nih.gov/genomes/all/GCA/002/798/355/GCA_002798355.1_Ogye1.0/GCA_002798355.1_Ogye1.0_genomic.fna.gz,aves
9031,https://ftp.ncbi.nlm.nih.gov/genomes/all/GCF/016/699/485/GCF_016699485.2_bGalGal1.mat.broiler.GRCg7b/GCF_016699485.2_bGalGal1.mat.broiler.GRCg7b_cds_from_genomic.fna.gz,https://ftp.ncbi.nlm.nih.gov/genomes/all/GCA/016/700/215/GCA_016700215.2_bGalGal1.pat.whiteleghornlayer.GRCg7w/GCA_016700215.2_bGalGal1.pat.whiteleghornlayer.GRCg7w_genomic.fna.gz,aves
9238,https://ftp.ncbi.nlm.nih.gov/genomes/all/GCF/000/699/105/GCF_000699105.1_ASM69910v1/GCF_000699105.1_ASM69910v1_cds_from_genomic.fna.gz,https://ftp.ncbi.nlm.nih.gov/genomes/all/GCA/003/264/635/GCA_003264635.1_ASM326463v1/GCA_003264635.1_ASM326463v1_genomic.fna.gz,aves
9238,https://ftp.ncbi.nlm.nih.gov/genomes/all/GCF/000/699/105/GCF_000699105.1_ASM69910v1/GCF_000699105.1_ASM69910v1_cds_from_genomic.fna.gz,https://ftp.ncbi.nlm.nih.gov/genomes/all/GCA/003/264/665/GCA_003264665.1_ASM326466v1/GCA_003264665.1_ASM326466v1_genomic.fna.gz,aves
9244,https://ftp.ncbi.nlm.nih.gov/genomes/all/GCF/003/957/555/GCF_003957555.1_bCalAnn1_v1.p/GCF_003957555.1_bCalAnn1_v1.p_cds_from_genomic.fna.gz,https://ftp.ncbi.nlm.nih.gov/genomes/all/GCA/000/699/085/GCA_000699085.1_ASM69908v1/GCA_000699085.1_ASM69908v1_genomic.fna.gz,aves
9244,https://ftp.ncbi.nlm.nih.gov/genomes/all/GCF/003/957/555/GCF_003957555.1_bCalAnn1_v1.p/GCF_003957555.1_bCalAnn1_v1.p_cds_from_genomic.fna.gz,https://ftp.ncbi.nlm.nih.gov/genomes/all/GCA/002/021/895/GCA_002021895.1_Canna_diploid_1.0/GCA_002021895.1_Canna_diploid_1.0_genomic.fna.gz,aves
9244,https://ftp.ncbi.nlm.nih.gov/genomes/all/GCF/003/957/555/GCF_003957555.1_bCalAnn1_v1.p/GCF_003957555.1_bCalAnn1_v1.p_cds_from_genomic.fna.gz,https://ftp.ncbi.nlm.nih.gov/genomes/all/GCA/003/957/575/GCA_003957575.1_bCalAnn1_v1.h/GCA_003957575.1_bCalAnn1_v1.h_genomic.fna.gz,aves
13146,https://ftp.ncbi.nlm.nih.gov/genomes/all/GCF/012/275/295/GCF_012275295.1_bMelUnd1.mat.Z/GCF_012275295.1_bMelUnd1.mat.Z_cds_from_genomic.fna.gz,https://ftp.ncbi.nlm.nih.gov/genomes/all/GCA/000/238/935/GCA_000238935.1_Melopsittacus_undulatus_6.3/GCA_000238935.1_Melopsittacus_undulatus_6.3_genomic.fna.gz,aves
13146,https://ftp.ncbi.nlm.nih.gov/genomes/all/GCF/012/275/295/GCF_012275295.1_bMelUnd1.mat.Z/GCF_012275295.1_bMelUnd1.mat.Z_cds_from_genomic.fna.gz,https://ftp.ncbi.nlm.nih.gov/genomes/all/GCA/012/275/265/GCA_012275265.1_bMelUnd1.mat/GCA_012275265.1_bMelUnd1.mat_genomic.fna.gz,aves
13146,https://ftp.ncbi.nlm.nih.gov/genomes/all/GCF/012/275/295/GCF_012275295.1_bMelUnd1.mat.Z/GCF_012275295.1_bMelUnd1.mat.Z_cds_from_genomic.fna.gz,https://ftp.ncbi.nlm.nih.gov/genomes/all/GCA/012/275/275/GCA_012275275.1_bMelUnd1.pat/GCA_012275275.1_bMelUnd1.pat_genomic.fna.gz,aves
13397,https://ftp.ncbi.nlm.nih.gov/genomes/all/GCF/017/639/515/GCF_017639515.1_sCarCar2.pri/GCF_017639515.1_sCarCar2.pri_cds_from_genomic.fna.gz,https://ftp.ncbi.nlm.nih.gov/genomes/all/GCA/003/604/245/GCA_003604245.1_ASM360424v1/GCA_003604245.1_ASM360424v1_genomic.fna.gz,vertebrata
13397,https://ftp.ncbi.nlm.nih.gov/genomes/all/GCF/017/639/515/GCF_017639515.1_sCarCar2.pri/GCF_017639515.1_sCarCar2.pri_cds_from_genomic.fna.gz,https://ftp.ncbi.nlm.nih.gov/genomes/all/GCA/017/639/455/GCA_017639455.1_sCarCar2.alt/GCA_017639455.1_sCarCar2.alt_genomic.fna.gz,vertebrata
27794,https://ftp.ncbi.nlm.nih.gov/genomes/all/GCF/009/764/565/GCF_009764565.3_rDerCor1.pri.v4/GCF_009764565.3_rDerCor1.pri.v4_cds_from_genomic.fna.gz,https://ftp.ncbi.nlm.nih.gov/genomes/all/GCA/006/547/105/GCA_006547105.1_GSC_toitle_1.0/GCA_006547105.1_GSC_toitle_1.0_genomic.fna.gz,sauropsida
27794,https://ftp.ncbi.nlm.nih.gov/genomes/all/GCF/009/764/565/GCF_009764565.3_rDerCor1.pri.v4/GCF_009764565.3_rDerCor1.pri.v4_cds_from_genomic.fna.gz,https://ftp.ncbi.nlm.nih.gov/genomes/all/GCA/009/762/595/GCA_009762595.2_rDerCor1.alt.v2/GCA_009762595.2_rDerCor1.alt.v2_genomic.fna.gz,sauropsida
29144,https://ftp.ncbi.nlm.nih.gov/genomes/all/GCF/902/362/185/GCF_902362185.1_fChaCha1.1/GCF_902362185.1_fChaCha1.1_cds_from_genomic.fna.gz,https://ftp.ncbi.nlm.nih.gov/genomes/all/GCA/018/691/325/GCA_018691325.1_CCHAN_1.0/GCA_018691325.1_CCHAN_1.0_genomic.fna.gz,actinopterygii
29144,https://ftp.ncbi.nlm.nih.gov/genomes/all/GCF/902/362/185/GCF_902362185.1_fChaCha1.1/GCF_902362185.1_fChaCha1.1_cds_from_genomic.fna.gz,https://ftp.ncbi.nlm.nih.gov/genomes/all/GCA/902/362/175/GCA_902362175.1_fChaCha1.1_alternate_haplotype/GCA_902362175.1_fChaCha1.1_alternate_haplotype_genomic.fna.gz,actinopterygii
31033,https://ftp.ncbi.nlm.nih.gov/genomes/all/GCF/901/000/725/GCF_901000725.2_fTakRub1.2/GCF_901000725.2_fTakRub1.2_cds_from_genomic.fna.gz,https://ftp.ncbi.nlm.nih.gov/genomes/all/GCA/000/180/615/GCA_000180615.2_FUGU5/GCA_000180615.2_FUGU5_genomic.fna.gz,actinopterygii
31033,https://ftp.ncbi.nlm.nih.gov/genomes/all/GCF/901/000/725/GCF_901000725.2_fTakRub1.2/GCF_901000725.2_fTakRub1.2_cds_from_genomic.fna.gz,https://ftp.ncbi.nlm.nih.gov/genomes/all/GCA/901/000/745/GCA_901000745.3_fTakRub1.2_alternate_haplotype/GCA_901000745.3_fTakRub1.2_alternate_haplotype_genomic.fna.gz,actinopterygii
32507,https://ftp.ncbi.nlm.nih.gov/genomes/all/GCF/000/239/395/GCF_000239395.1_NeoBri1.0/GCF_000239395.1_NeoBri1.0_cds_from_genomic.fna.gz,https://ftp.ncbi.nlm.nih.gov/genomes/all/GCA/015/106/995/GCA_015106995.1_JUI1.scf/GCA_015106995.1_JUI1.scf_genomic.fna.gz,actinopterygii
32507,https://ftp.ncbi.nlm.nih.gov/genomes/all/GCF/000/239/395/GCF_000239395.1_NeoBri1.0/GCF_000239395.1_NeoBri1.0_cds_from_genomic.fna.gz,https://ftp.ncbi.nlm.nih.gov/genomes/all/GCA/015/107/025/GCA_015107025.1_JUH9.scf/GCA_015107025.1_JUH9.scf_genomic.fna.gz,actinopterygii
34773,https://ftp.ncbi.nlm.nih.gov/genomes/all/GCF/018/492/685/GCF_018492685.1_fAloSap1.pri/GCF_018492685.1_fAloSap1.pri_cds_from_genomic.fna.gz,https://ftp.ncbi.nlm.nih.gov/genomes/all/GCA/018/492/705/GCA_018492705.1_fAloSap1.alt/GCA_018492705.1_fAloSap1.alt_genomic.fna.gz,actinopterygii
34773,https://ftp.ncbi.nlm.nih.gov/genomes/all/GCF/018/492/685/GCF_018492685.1_fAloSap1.pri/GCF_018492685.1_fAloSap1.pri_cds_from_genomic.fna.gz,https://ftp.ncbi.nlm.nih.gov/genomes/all/GCA/019/202/745/GCA_019202745.1_Alosa.v1/GCA_019202745.1_Alosa.v1_genomic.fna.gz,actinopterygii
40157,https://ftp.ncbi.nlm.nih.gov/genomes/all/GCF/005/870/125/GCF_005870125.1_lonStrDom2/GCF_005870125.1_lonStrDom2_cds_from_genomic.fna.gz,https://ftp.ncbi.nlm.nih.gov/genomes/all/GCA/021/869/885/GCA_021869885.1_ASM2186988v1/GCA_021869885.1_ASM2186988v1_genomic.fna.gz,passeriformes
40157,https://ftp.ncbi.nlm.nih.gov/genomes/all/GCF/005/870/125/GCF_005870125.1_lonStrDom2/GCF_005870125.1_lonStrDom2_cds_from_genomic.fna.gz,https://ftp.ncbi.nlm.nih.gov/genomes/all/GCA/002/197/715/GCA_002197715.1_LonStrDom1/GCA_002197715.1_LonStrDom1_genomic.fna.gz,passeriformes
40157,https://ftp.ncbi.nlm.nih.gov/genomes/all/GCF/005/870/125/GCF_005870125.1_lonStrDom2/GCF_005870125.1_lonStrDom2_cds_from_genomic.fna.gz,https://ftp.ncbi.nlm.nih.gov/genomes/all/GCA/021/869/855/GCA_021869855.1_ASM2186985v1/GCA_021869855.1_ASM2186985v1_genomic.fna.gz,passeriformes
42514,https://ftp.ncbi.nlm.nih.gov/genomes/all/GCF/015/220/715/GCF_015220715.1_fPygNat1.pri/GCF_015220715.1_fPygNat1.pri_cds_from_genomic.fna.gz,https://ftp.ncbi.nlm.nih.gov/genomes/all/GCA/001/682/695/GCA_001682695.1_Pygocentrus_nattereri-1.0.2/GCA_001682695.1_Pygocentrus_nattereri-1.0.2_genomic.fna.gz,actinopterygii
42514,https://ftp.ncbi.nlm.nih.gov/genomes/all/GCF/015/220/715/GCF_015220715.1_fPygNat1.pri/GCF_015220715.1_fPygNat1.pri_cds_from_genomic.fna.gz,https://ftp.ncbi.nlm.nih.gov/genomes/all/GCA/015/220/065/GCA_015220065.1_fPygNat1.alt/GCA_015220065.1_fPygNat1.alt_genomic.fna.gz,actinopterygii
43150,https://ftp.ncbi.nlm.nih.gov/genomes/all/GCF/015/227/805/GCF_015227805.1_bHirRus1.pri.v2/GCF_015227805.1_bHirRus1.pri.v2_cds_from_genomic.fna.gz,https://ftp.ncbi.nlm.nih.gov/genomes/all/GCA/013/399/815/GCA_013399815.1_ASM1339981v1/GCA_013399815.1_ASM1339981v1_genomic.fna.gz,passeriformes
43150,https://ftp.ncbi.nlm.nih.gov/genomes/all/GCF/015/227/805/GCF_015227805.1_bHirRus1.pri.v2/GCF_015227805.1_bHirRus1.pri.v2_cds_from_genomic.fna.gz,https://ftp.ncbi.nlm.nih.gov/genomes/all/GCA/015/227/815/GCA_015227815.3_bHirRus1.alt.v3/GCA_015227815.3_bHirRus1.alt.v3_genomic.fna.gz,passeriformes
43150,https://ftp.ncbi.nlm.nih.gov/genomes/all/GCF/015/227/805/GCF_015227805.1_bHirRus1.pri.v2/GCF_015227805.1_bHirRus1.pri.v2_cds_from_genomic.fna.gz,https://ftp.ncbi.nlm.nih.gov/genomes/all/GCA/003/692/655/GCA_003692655.1_Chelidonia/GCA_003692655.1_Chelidonia_genomic.fna.gz,passeriformes
43689,https://ftp.ncbi.nlm.nih.gov/genomes/all/GCF/900/408/965/GCF_900408965.1_fSimDia1.1/GCF_900408965.1_fSimDia1.1_cds_from_genomic.fna.gz,https://ftp.ncbi.nlm.nih.gov/genomes/all/GCA/015/052/585/GCA_015052585.1_AUD8.scf/GCA_015052585.1_AUD8.scf_genomic.fna.gz,actinopterygii
43689,https://ftp.ncbi.nlm.nih.gov/genomes/all/GCF/900/408/965/GCF_900408965.1_fSimDia1.1/GCF_900408965.1_fSimDia1.1_cds_from_genomic.fna.gz,https://ftp.ncbi.nlm.nih.gov/genomes/all/GCA/015/102/155/GCA_015102155.1_AUE1.scf/GCA_015102155.1_AUE1.scf_genomic.fna.gz,actinopterygii
45807,https://ftp.ncbi.nlm.nih.gov/genomes/all/GCF/015/832/195/GCF_015832195.1_Motacilla_alba_V1.0_pri/GCF_015832195.1_Motacilla_alba_V1.0_pri_cds_from_genomic.fna.gz,https://ftp.ncbi.nlm.nih.gov/genomes/all/GCA/013/397/355/GCA_013397355.1_ASM1339735v1/GCA_013397355.1_ASM1339735v1_genomic.fna.gz,passeriformes
45807,https://ftp.ncbi.nlm.nih.gov/genomes/all/GCF/015/832/195/GCF_015832195.1_Motacilla_alba_V1.0_pri/GCF_015832195.1_Motacilla_alba_V1.0_pri_cds_from_genomic.fna.gz,https://ftp.ncbi.nlm.nih.gov/genomes/all/GCA/015/832/205/GCA_015832205.1_Motacilla_alba_V1.0_alt/GCA_015832205.1_Motacilla_alba_V1.0_alt_genomic.fna.gz,passeriformes
47969,https://ftp.ncbi.nlm.nih.gov/genomes/all/GCF/013/358/895/GCF_013358895.1_ZZ_aureus/GCF_013358895.1_ZZ_aureus_cds_from_genomic.fna.gz,https://ftp.ncbi.nlm.nih.gov/genomes/all/GCA/005/870/065/GCA_005870065.1_ASM587006v1/GCA_005870065.1_ASM587006v1_genomic.fna.gz,actinopterygii
47969,https://ftp.ncbi.nlm.nih.gov/genomes/all/GCF/013/358/895/GCF_013358895.1_ZZ_aureus/GCF_013358895.1_ZZ_aureus_cds_from_genomic.fna.gz,https://ftp.ncbi.nlm.nih.gov/genomes/all/GCA/016/625/535/GCA_016625535.1_ASM1662553v1/GCA_016625535.1_ASM1662553v1_genomic.fna.gz,actinopterygii
48698,https://ftp.ncbi.nlm.nih.gov/genomes/all/GCF/000/485/575/GCF_000485575.1_Poecilia_formosa-5.1.2/GCF_000485575.1_Poecilia_formosa-5.1.2_cds_from_genomic.fna.gz,https://ftp.ncbi.nlm.nih.gov/genomes/all/GCA/013/036/085/GCA_013036085.2_Poecilia_formosa_haplotype_mexicana/GCA_013036085.2_Poecilia_formosa_haplotype_mexicana_genomic.fna.gz,cyprinodontiformes
48698,https://ftp.ncbi.nlm.nih.gov/genomes/all/GCF/000/485/575/GCF_000485575.1_Poecilia_formosa-5.1.2/GCF_000485575.1_Poecilia_formosa-5.1.2_cds_from_genomic.fna.gz,https://ftp.ncbi.nlm.nih.gov/genomes/all/GCA/013/036/135/GCA_013036135.2_Poecilia_formosa_haplotype_latipinna/GCA_013036135.2_Poecilia_formosa_haplotype_latipinna_genomic.fna.gz,cyprinodontiformes
52904,https://ftp.ncbi.nlm.nih.gov/genomes/all/GCF/013/347/765/GCF_013347765.1_ASM1334776v1/GCF_013347765.1_ASM1334776v1_cds_from_genomic.fna.gz,https://ftp.ncbi.nlm.nih.gov/genomes/all/GCA/003/186/165/GCA_003186165.1_ASM318616v1/GCA_003186165.1_ASM318616v1_genomic.fna.gz,actinopterygii
52904,https://ftp.ncbi.nlm.nih.gov/genomes/all/GCF/013/347/765/GCF_013347765.1_ASM1334776v1/GCF_013347765.1_ASM1334776v1_cds_from_genomic.fna.gz,https://ftp.ncbi.nlm.nih.gov/genomes/all/GCA/006/346/445/GCA_006346445.1_Turbot_ysfricsl_Female_v1.0/GCA_006346445.1_Turbot_ysfricsl_Female_v1.0_genomic.fna.gz,actinopterygii
52904,https://ftp.ncbi.nlm.nih.gov/genomes/all/GCF/013/347/765/GCF_013347765.1_ASM1334776v1/GCF_013347765.1_ASM1334776v1_cds_from_genomic.fna.gz,https://ftp.ncbi.nlm.nih.gov/genomes/all/GCA/006/346/465/GCA_006346465.1_ASM634646v1/GCA_006346465.1_ASM634646v1_genomic.fna.gz,actinopterygii
52904,https://ftp.ncbi.nlm.nih.gov/genomes/all/GCF/013/347/765/GCF_013347765.1_ASM1334776v1/GCF_013347765.1_ASM1334776v1_cds_from_genomic.fna.gz,https://ftp.ncbi.nlm.nih.gov/genomes/all/GCA/009/764/425/GCA_009764425.1_turbot/GCA_009764425.1_turbot_genomic.fna.gz,actinopterygii
54380,https://ftp.ncbi.nlm.nih.gov/genomes/all/GCF/000/690/535/GCF_000690535.1_ASM69053v1/GCF_000690535.1_ASM69053v1_cds_from_genomic.fna.gz,https://ftp.ncbi.nlm.nih.gov/genomes/all/GCA/009/819/485/GCA_009819485.1_bCarCri1.alt/GCA_009819485.1_bCarCri1.alt_genomic.fna.gz,aves
54380,https://ftp.ncbi.nlm.nih.gov/genomes/all/GCF/000/690/535/GCF_000690535.1_ASM69053v1/GCF_000690535.1_ASM69053v1_cds_from_genomic.fna.gz,https://ftp.ncbi.nlm.nih.gov/genomes/all/GCA/009/819/825/GCA_009819825.1_bCarCri1.pri/GCA_009819825.1_bCarCri1.pri_genomic.fna.gz,aves
55661,https://ftp.ncbi.nlm.nih.gov/genomes/all/GCF/000/709/325/GCF_000709325.1_ASM70932v1/GCF_000709325.1_ASM70932v1_cds_from_genomic.fna.gz,https://ftp.ncbi.nlm.nih.gov/genomes/all/GCA/017/976/305/GCA_017976305.1_bCucCan1.alt/GCA_017976305.1_bCucCan1.alt_genomic.fna.gz,aves
55661,https://ftp.ncbi.nlm.nih.gov/genomes/all/GCF/000/709/325/GCF_000709325.1_ASM70932v1/GCF_000709325.1_ASM70932v1_cds_from_genomic.fna.gz,https://ftp.ncbi.nlm.nih.gov/genomes/all/GCA/017/976/375/GCA_017976375.1_bCucCan1.pri/GCA_017976375.1_bCucCan1.pri_genomic.fna.gz,aves
56313,https://ftp.ncbi.nlm.nih.gov/genomes/all/GCF/018/691/265/GCF_018691265.1_T.alba_DEE_v4.0/GCF_018691265.1_T.alba_DEE_v4.0_cds_from_genomic.fna.gz,https://ftp.ncbi.nlm.nih.gov/genomes/all/GCA/000/687/205/GCA_000687205.1_ASM68720v1/GCA_000687205.1_ASM68720v1_genomic.fna.gz,aves
56313,https://ftp.ncbi.nlm.nih.gov/genomes/all/GCF/018/691/265/GCF_018691265.1_T.alba_DEE_v4.0/GCF_018691265.1_T.alba_DEE_v4.0_cds_from_genomic.fna.gz,https://ftp.ncbi.nlm.nih.gov/genomes/all/GCA/902/150/015/GCA_902150015.1_genome_assembly_l500/GCA_902150015.1_genome_assembly_l500_genomic.fna.gz,aves
57068,https://ftp.ncbi.nlm.nih.gov/genomes/all/GCF/000/695/815/GCF_000695815.1_ASM69581v1/GCF_000695815.1_ASM69581v1_cds_from_genomic.fna.gz,https://ftp.ncbi.nlm.nih.gov/genomes/all/GCA/016/880/875/GCA_016880875.1_bAcaChl1.alt/GCA_016880875.1_bAcaChl1.alt_genomic.fna.gz,passeriformes
57068,https://ftp.ncbi.nlm.nih.gov/genomes/all/GCF/000/695/815/GCF_000695815.1_ASM69581v1/GCF_000695815.1_ASM69581v1_cds_from_genomic.fna.gz,https://ftp.ncbi.nlm.nih.gov/genomes/all/GCA/016/904/835/GCA_016904835.1_bAcaChl1.pri/GCA_016904835.1_bAcaChl1.pri_genomic.fna.gz,passeriformes
57421,https://ftp.ncbi.nlm.nih.gov/genomes/all/GCF/000/691/845/GCF_000691845.1_ASM69184v1/GCF_000691845.1_ASM69184v1_cds_from_genomic.fna.gz,https://ftp.ncbi.nlm.nih.gov/genomes/all/GCA/009/819/585/GCA_009819585.1_bMerNub1.alt/GCA_009819585.1_bMerNub1.alt_genomic.fna.gz,aves
57421,https://ftp.ncbi.nlm.nih.gov/genomes/all/GCF/000/691/845/GCF_000691845.1_ASM69184v1/GCF_000691845.1_ASM69184v1_cds_from_genomic.fna.gz,https://ftp.ncbi.nlm.nih.gov/genomes/all/GCA/009/819/595/GCA_009819595.1_bMerNub1.pri/GCA_009819595.1_bMerNub1.pri_genomic.fna.gz,aves
64144,https://ftp.ncbi.nlm.nih.gov/genomes/all/GCF/900/324/465/GCF_900324465.2_fAnaTes1.2/GCF_900324465.2_fAnaTes1.2_cds_from_genomic.fna.gz,https://ftp.ncbi.nlm.nih.gov/genomes/all/GCA/900/302/665/GCA_900302665.1_ASM90030266v1/GCA_900302665.1_ASM90030266v1_genomic.fna.gz,actinopterygii
64144,https://ftp.ncbi.nlm.nih.gov/genomes/all/GCF/900/324/465/GCF_900324465.2_fAnaTes1.2/GCF_900324465.2_fAnaTes1.2_cds_from_genomic.fna.gz,https://ftp.ncbi.nlm.nih.gov/genomes/all/GCA/900/650/485/GCA_900650485.1_fAnaTes1.2_alternate_haplotype/GCA_900650485.1_fAnaTes1.2_alternate_haplotype_genomic.fna.gz,actinopterygii
68294,https://ftp.ncbi.nlm.nih.gov/genomes/all/GCF/017/639/235/GCF_017639235.1_C.kubaryi_AGA036_p1.0/GCF_017639235.1_C.kubaryi_AGA036_p1.0_cds_from_genomic.fna.gz,https://ftp.ncbi.nlm.nih.gov/genomes/all/GCA/017/639/225/GCA_017639225.1_C.kubaryi_AGA036_a1.0/GCA_017639225.1_C.kubaryi_AGA036_a1.0_genomic.fna.gz,passeriformes
68294,https://ftp.ncbi.nlm.nih.gov/genomes/all/GCF/017/639/235/GCF_017639235.1_C.kubaryi_AGA036_p1.0/GCF_017639235.1_C.kubaryi_AGA036_p1.0_cds_from_genomic.fna.gz,https://ftp.ncbi.nlm.nih.gov/genomes/all/GCA/018/127/105/GCA_018127105.1_ASM1812710v1/GCA_018127105.1_ASM1812710v1_genomic.fna.gz,passeriformes
69293,https://ftp.ncbi.nlm.nih.gov/genomes/all/GCF/016/920/845/GCF_016920845.1_GAculeatus_UGA_version5/GCF_016920845.1_GAculeatus_UGA_version5_cds_from_genomic.fna.gz,https://ftp.ncbi.nlm.nih.gov/genomes/all/GCA/000/180/675/GCA_000180675.1_ASM18067v1/GCA_000180675.1_ASM18067v1_genomic.fna.gz,actinopterygii
69293,https://ftp.ncbi.nlm.nih.gov/genomes/all/GCF/016/920/845/GCF_016920845.1_GAculeatus_UGA_version5/GCF_016920845.1_GAculeatus_UGA_version5_cds_from_genomic.fna.gz,https://ftp.ncbi.nlm.nih.gov/genomes/all/GCA/006/229/165/GCA_006229165.1_NID/GCA_006229165.1_NID_genomic.fna.gz,actinopterygii
69293,https://ftp.ncbi.nlm.nih.gov/genomes/all/GCF/016/920/845/GCF_016920845.1_GAculeatus_UGA_version5/GCF_016920845.1_GAculeatus_UGA_version5_cds_from_genomic.fna.gz,https://ftp.ncbi.nlm.nih.gov/genomes/all/GCA/006/229/185/GCA_006229185.1_BOT/GCA_006229185.1_BOT_genomic.fna.gz,actinopterygii
69293,https://ftp.ncbi.nlm.nih.gov/genomes/all/GCF/016/920/845/GCF_016920845.1_GAculeatus_UGA_version5/GCF_016920845.1_GAculeatus_UGA_version5_cds_from_genomic.fna.gz,https://ftp.ncbi.nlm.nih.gov/genomes/all/GCA/006/232/265/GCA_006232265.1_BAM/GCA_006232265.1_BAM_genomic.fna.gz,actinopterygii
69293,https://ftp.ncbi.nlm.nih.gov/genomes/all/GCF/016/920/845/GCF_016920845.1_GAculeatus_UGA_version5/GCF_016920845.1_GAculeatus_UGA_version5_cds_from_genomic.fna.gz,https://ftp.ncbi.nlm.nih.gov/genomes/all/GCA/006/232/285/GCA_006232285.1_SYL/GCA_006232285.1_SYL_genomic.fna.gz,actinopterygii
72105,https://ftp.ncbi.nlm.nih.gov/genomes/all/GCF/015/220/745/GCF_015220745.1_fSebUmb1.pri/GCF_015220745.1_fSebUmb1.pri_cds_from_genomic.fna.gz,https://ftp.ncbi.nlm.nih.gov/genomes/all/GCA/015/220/095/GCA_015220095.1_fSebUmb1.alt/GCA_015220095.1_fSebUmb1.alt_genomic.fna.gz,actinopterygii
72105,https://ftp.ncbi.nlm.nih.gov/genomes/all/GCF/015/220/745/GCF_015220745.1_fSebUmb1.pri/GCF_015220745.1_fSebUmb1.pri_cds_from_genomic.fna.gz,https://ftp.ncbi.nlm.nih.gov/genomes/all/GCA/916/701/575/GCA_916701575.1_S-umbrosus_SEB-10/GCA_916701575.1_S-umbrosus_SEB-10_genomic.fna.gz,actinopterygii
74940,https://ftp.ncbi.nlm.nih.gov/genomes/all/GCF/018/296/145/GCF_018296145.1_Otsh_v2.0/GCF_018296145.1_Otsh_v2.0_cds_from_genomic.fna.gz,https://ftp.ncbi.nlm.nih.gov/genomes/all/GCA/002/831/465/GCA_002831465.1_CHI06/GCA_002831465.1_CHI06_genomic.fna.gz,actinopterygii
74940,https://ftp.ncbi.nlm.nih.gov/genomes/all/GCF/018/296/145/GCF_018296145.1_Otsh_v2.0/GCF_018296145.1_Otsh_v2.0_cds_from_genomic.fna.gz,https://ftp.ncbi.nlm.nih.gov/genomes/all/GCA/002/872/995/GCA_002872995.1_Otsh_v1.0/GCA_002872995.1_Otsh_v1.0_genomic.fna.gz,actinopterygii
90988,https://ftp.ncbi.nlm.nih.gov/genomes/all/GCF/016/745/375/GCF_016745375.1_EPA_FHM_2.0/GCF_016745375.1_EPA_FHM_2.0_cds_from_genomic.fna.gz,https://ftp.ncbi.nlm.nih.gov/genomes/all/GCA/000/700/825/GCA_000700825.1_FHM_SOAPdenovo/GCA_000700825.1_FHM_SOAPdenovo_genomic.fna.gz,actinopterygii
90988,https://ftp.ncbi.nlm.nih.gov/genomes/all/GCF/016/745/375/GCF_016745375.1_EPA_FHM_2.0/GCF_016745375.1_EPA_FHM_2.0_cds_from_genomic.fna.gz,https://ftp.ncbi.nlm.nih.gov/genomes/all/GCA/000/700/965/GCA_000700965.1_FHM_SGA/GCA_000700965.1_FHM_SGA_genomic.fna.gz,actinopterygii
105023,https://ftp.ncbi.nlm.nih.gov/genomes/all/GCF/001/465/895/GCF_001465895.1_Nfu_20140520/GCF_001465895.1_Nfu_20140520_cds_from_genomic.fna.gz,https://ftp.ncbi.nlm.nih.gov/genomes/all/GCA/000/878/545/GCA_000878545.1_NotFur1/GCA_000878545.1_NotFur1_genomic.fna.gz,cyprinodontiformes
105023,https://ftp.ncbi.nlm.nih.gov/genomes/all/GCF/001/465/895/GCF_001465895.1_Nfu_20140520/GCF_001465895.1_Nfu_20140520_cds_from_genomic.fna.gz,https://ftp.ncbi.nlm.nih.gov/genomes/all/GCA/014/300/015/GCA_014300015.1_MPIA_NFZ_2.0/GCA_014300015.1_MPIA_NFZ_2.0_genomic.fna.gz,cyprinodontiformes
113540,https://ftp.ncbi.nlm.nih.gov/genomes/all/GCF/900/964/775/GCF_900964775.1_fSclFor1.1/GCF_900964775.1_fSclFor1.1_cds_from_genomic.fna.gz,https://ftp.ncbi.nlm.nih.gov/genomes/all/GCA/001/005/745/GCA_001005745.2_aro_v2/GCA_001005745.2_aro_v2_genomic.fna.gz,actinopterygii
113540,https://ftp.ncbi.nlm.nih.gov/genomes/all/GCF/900/964/775/GCF_900964775.1_fSclFor1.1/GCF_900964775.1_fSclFor1.1_cds_from_genomic.fna.gz,https://ftp.ncbi.nlm.nih.gov/genomes/all/GCA/001/624/245/GCA_001624245.1_ASM162424v1/GCA_001624245.1_ASM162424v1_genomic.fna.gz,actinopterygii
113540,https://ftp.ncbi.nlm.nih.gov/genomes/all/GCF/900/964/775/GCF_900964775.1_fSclFor1.1/GCF_900964775.1_fSclFor1.1_cds_from_genomic.fna.gz,https://ftp.ncbi.nlm.nih.gov/genomes/all/GCA/001/624/255/GCA_001624255.1_ASM162425v1/GCA_001624255.1_ASM162425v1_genomic.fna.gz,actinopterygii
113540,https://ftp.ncbi.nlm.nih.gov/genomes/all/GCF/900/964/775/GCF_900964775.1_fSclFor1.1/GCF_900964775.1_fSclFor1.1_cds_from_genomic.fna.gz,https://ftp.ncbi.nlm.nih.gov/genomes/all/GCA/001/624/265/GCA_001624265.1_ASM162426v1/GCA_001624265.1_ASM162426v1_genomic.fna.gz,actinopterygii
113540,https://ftp.ncbi.nlm.nih.gov/genomes/all/GCF/900/964/775/GCF_900964775.1_fSclFor1.1/GCF_900964775.1_fSclFor1.1_cds_from_genomic.fna.gz,https://ftp.ncbi.nlm.nih.gov/genomes/all/GCA/900/964/985/GCA_900964985.2_fSclFor1.1_alternate_haplotype/GCA_900964985.2_fSclFor1.1_alternate_haplotype_genomic.fna.gz,actinopterygii
118200,https://ftp.ncbi.nlm.nih.gov/genomes/all/GCF/000/699/005/GCF_000699005.1_ASM69900v1/GCF_000699005.1_ASM69900v1_cds_from_genomic.fna.gz,https://ftp.ncbi.nlm.nih.gov/genomes/all/GCA/014/839/825/GCA_014839825.1_bDryPub1.alt/GCA_014839825.1_bDryPub1.alt_genomic.fna.gz,aves
118200,https://ftp.ncbi.nlm.nih.gov/genomes/all/GCF/000/699/005/GCF_000699005.1_ASM69900v1/GCF_000699005.1_ASM69900v1_cds_from_genomic.fna.gz,https://ftp.ncbi.nlm.nih.gov/genomes/all/GCA/014/839/835/GCA_014839835.1_bDryPub1.pri/GCA_014839835.1_bDryPub1.pri_genomic.fna.gz,aves
121530,https://ftp.ncbi.nlm.nih.gov/genomes/all/GCF/000/709/365/GCF_000709365.1_ASM70936v1/GCF_000709365.1_ASM70936v1_cds_from_genomic.fna.gz,https://ftp.ncbi.nlm.nih.gov/genomes/all/GCA/009/764/505/GCA_009764505.1_bTauEry1.alt/GCA_009764505.1_bTauEry1.alt_genomic.fna.gz,aves
121530,https://ftp.ncbi.nlm.nih.gov/genomes/all/GCF/000/709/365/GCF_000709365.1_ASM70936v1/GCF_000709365.1_ASM70936v1_cds_from_genomic.fna.gz,https://ftp.ncbi.nlm.nih.gov/genomes/all/GCA/009/769/465/GCA_009769465.1_bTauEry1.pri/GCA_009769465.1_bTauEry1.pri_genomic.fna.gz,aves
134920,https://ftp.ncbi.nlm.nih.gov/genomes/all/GCF/902/500/615/GCF_902500615.1_NSP_V7/GCF_902500615.1_NSP_V7_cds_from_genomic.fna.gz,https://ftp.ncbi.nlm.nih.gov/genomes/all/GCA/003/399/555/GCA_003399555.1_ASM339955v1/GCA_003399555.1_ASM339955v1_genomic.fna.gz,actinopterygii
134920,https://ftp.ncbi.nlm.nih.gov/genomes/all/GCF/902/500/615/GCF_902500615.1_NSP_V7/GCF_902500615.1_NSP_V7_cds_from_genomic.fna.gz,https://ftp.ncbi.nlm.nih.gov/genomes/all/GCA/003/935/095/GCA_003935095.1_ASM393509v1/GCA_003935095.1_ASM393509v1_genomic.fna.gz,actinopterygii
158456,https://ftp.ncbi.nlm.nih.gov/genomes/all/GCF/900/634/795/GCF_900634795.3_fBetSpl5.3/GCF_900634795.3_fBetSpl5.3_cds_from_genomic.fna.gz,https://ftp.ncbi.nlm.nih.gov/genomes/all/GCA/003/650/155/GCA_003650155.1_ASM365015v1/GCA_003650155.1_ASM365015v1_genomic.fna.gz,actinopterygii
158456,https://ftp.ncbi.nlm.nih.gov/genomes/all/GCF/900/634/795/GCF_900634795.3_fBetSpl5.3/GCF_900634795.3_fBetSpl5.3_cds_from_genomic.fna.gz,https://ftp.ncbi.nlm.nih.gov/genomes/all/GCA/013/403/625/GCA_013403625.1_Bspl.v1.2018/GCA_013403625.1_Bspl.v1.2018_genomic.fna.gz,actinopterygii
158456,https://ftp.ncbi.nlm.nih.gov/genomes/all/GCF/900/634/795/GCF_900634795.3_fBetSpl5.3/GCF_900634795.3_fBetSpl5.3_cds_from_genomic.fna.gz,https://ftp.ncbi.nlm.nih.gov/genomes/all/GCA/900/651/605/GCA_900651605.1_fBetSpl5.1_alternate_haplotype/GCA_900651605.1_fBetSpl5.1_alternate_haplotype_genomic.fna.gz,actinopterygii
187382,https://ftp.ncbi.nlm.nih.gov/genomes/all/GCF/000/695/195/GCF_000695195.1_ASM69519v1/GCF_000695195.1_ASM69519v1_cds_from_genomic.fna.gz,https://ftp.ncbi.nlm.nih.gov/genomes/all/GCA/011/799/995/GCA_011799995.1_REN_Cmacq_1.0/GCA_011799995.1_REN_Cmacq_1.0_genomic.fna.gz,aves
187382,https://ftp.ncbi.nlm.nih.gov/genomes/all/GCF/000/695/195/GCF_000695195.1_ASM69519v1/GCF_000695195.1_ASM69519v1_cds_from_genomic.fna.gz,https://ftp.ncbi.nlm.nih.gov/genomes/all/GCA/011/800/025/GCA_011800025.1_REN_Cmacq_2.0/GCA_011800025.1_REN_Cmacq_2.0_genomic.fna.gz,aves
205130,https://ftp.ncbi.nlm.nih.gov/genomes/all/GCF/900/324/485/GCF_900324485.2_fMasArm1.2/GCF_900324485.2_fMasArm1.2_cds_from_genomic.fna.gz,https://ftp.ncbi.nlm.nih.gov/genomes/all/GCA/019/455/525/GCA_019455525.1_Marm_hapY/GCA_019455525.1_Marm_hapY_genomic.fna.gz,actinopterygii
205130,https://ftp.ncbi.nlm.nih.gov/genomes/all/GCF/900/324/485/GCF_900324485.2_fMasArm1.2/GCF_900324485.2_fMasArm1.2_cds_from_genomic.fna.gz,https://ftp.ncbi.nlm.nih.gov/genomes/all/GCA/019/455/535/GCA_019455535.1_Marm_hapX/GCA_019455535.1_Marm_hapX_genomic.fna.gz,actinopterygii
215358,https://ftp.ncbi.nlm.nih.gov/genomes/all/GCF/000/972/845/GCF_000972845.2_L_crocea_2.0/GCF_000972845.2_L_crocea_2.0_cds_from_genomic.fna.gz,https://ftp.ncbi.nlm.nih.gov/genomes/all/GCA/000/742/935/GCA_000742935.1_ASM74293v1/GCA_000742935.1_ASM74293v1_genomic.fna.gz,actinopterygii
215358,https://ftp.ncbi.nlm.nih.gov/genomes/all/GCF/000/972/845/GCF_000972845.2_L_crocea_2.0/GCF_000972845.2_L_crocea_2.0_cds_from_genomic.fna.gz,https://ftp.ncbi.nlm.nih.gov/genomes/all/GCA/003/711/585/GCA_003711585.2_ASM371158v2/GCA_003711585.2_ASM371158v2_genomic.fna.gz,actinopterygii
215358,https://ftp.ncbi.nlm.nih.gov/genomes/all/GCF/000/972/845/GCF_000972845.2_L_crocea_2.0/GCF_000972845.2_L_crocea_2.0_cds_from_genomic.fna.gz,https://ftp.ncbi.nlm.nih.gov/genomes/all/GCA/003/845/795/GCA_003845795.1_LCFGL_HiC_1.0/GCA_003845795.1_LCFGL_HiC_1.0_genomic.fna.gz,actinopterygii
215358,https://ftp.ncbi.nlm.nih.gov/genomes/all/GCF/000/972/845/GCF_000972845.2_L_crocea_2.0/GCF_000972845.2_L_crocea_2.0_cds_from_genomic.fna.gz,https://ftp.ncbi.nlm.nih.gov/genomes/all/GCA/004/352/675/GCA_004352675.2_ASM435267v2/GCA_004352675.2_ASM435267v2_genomic.fna.gz,actinopterygii
215358,https://ftp.ncbi.nlm.nih.gov/genomes/all/GCF/000/972/845/GCF_000972845.2_L_crocea_2.0/GCF_000972845.2_L_crocea_2.0_cds_from_genomic.fna.gz,https://ftp.ncbi.nlm.nih.gov/genomes/all/GCA/900/246/015/GCA_900246015.1_Larimichthys_crocea_chromosome_1.0/GCA_900246015.1_Larimichthys_crocea_chromosome_1.0_genomic.fna.gz,actinopterygii
240206,https://ftp.ncbi.nlm.nih.gov/genomes/all/GCF/000/699/245/GCF_000699245.1_ASM69924v1/GCF_000699245.1_ASM69924v1_cds_from_genomic.fna.gz,https://ftp.ncbi.nlm.nih.gov/genomes/all/GCA/009/769/505/GCA_009769505.1_bPteGut1.alt/GCA_009769505.1_bPteGut1.alt_genomic.fna.gz,aves
240206,https://ftp.ncbi.nlm.nih.gov/genomes/all/GCF/000/699/245/GCF_000699245.1_ASM69924v1/GCF_000699245.1_ASM69924v1_cds_from_genomic.fna.gz,https://ftp.ncbi.nlm.nih.gov/genomes/all/GCA/009/769/525/GCA_009769525.1_bPteGut1.pri/GCA_009769525.1_bPteGut1.pri_genomic.fna.gz,aves
259920,https://ftp.ncbi.nlm.nih.gov/genomes/all/GCF/001/642/345/GCF_001642345.1_ASM164234v2/GCF_001642345.1_ASM164234v2_cds_from_genomic.fna.gz,https://ftp.ncbi.nlm.nih.gov/genomes/all/GCA/013/626/285/GCA_013626285.1_RhiTyp_1.0/GCA_013626285.1_RhiTyp_1.0_genomic.fna.gz,vertebrata
259920,https://ftp.ncbi.nlm.nih.gov/genomes/all/GCF/001/642/345/GCF_001642345.1_ASM164234v2/GCF_001642345.1_ASM164234v2_cds_from_genomic.fna.gz,https://ftp.ncbi.nlm.nih.gov/genomes/all/GCA/021/869/965/GCA_021869965.1_sRhiTyp1.1/GCA_021869965.1_sRhiTyp1.1_genomic.fna.gz,vertebrata
310915,https://ftp.ncbi.nlm.nih.gov/genomes/all/GCF/009/078/355/GCF_009078355.1_GENO_Phyp_1.0/GCF_009078355.1_GENO_Phyp_1.0_cds_from_genomic.fna.gz,https://ftp.ncbi.nlm.nih.gov/genomes/all/GCA/003/671/635/GCA_003671635.1_VN_pangasius/GCA_003671635.1_VN_pangasius_genomic.fna.gz,actinopterygii
310915,https://ftp.ncbi.nlm.nih.gov/genomes/all/GCF/009/078/355/GCF_009078355.1_GENO_Phyp_1.0/GCF_009078355.1_GENO_Phyp_1.0_cds_from_genomic.fna.gz,https://ftp.ncbi.nlm.nih.gov/genomes/all/GCA/016/801/045/GCA_016801045.1_ASM1680104v1/GCA_016801045.1_ASM1680104v1_genomic.fna.gz,actinopterygii
409849,https://ftp.ncbi.nlm.nih.gov/genomes/all/GCF/009/829/125/GCF_009829125.1_fPerMag1.pri/GCF_009829125.1_fPerMag1.pri_cds_from_genomic.fna.gz,https://ftp.ncbi.nlm.nih.gov/genomes/all/GCA/000/787/105/GCA_000787105.1_PM.fa/GCA_000787105.1_PM.fa_genomic.fna.gz,actinopterygii
409849,https://ftp.ncbi.nlm.nih.gov/genomes/all/GCF/009/829/125/GCF_009829125.1_fPerMag1.pri/GCF_009829125.1_fPerMag1.pri_cds_from_genomic.fna.gz,https://ftp.ncbi.nlm.nih.gov/genomes/all/GCA/009/829/135/GCA_009829135.1_fPerMag1.alt/GCA_009829135.1_fPerMag1.alt_genomic.fna.gz,actinopterygii
925459,https://ftp.ncbi.nlm.nih.gov/genomes/all/GCF/000/709/895/GCF_000709895.1_ASM70989v1/GCF_000709895.1_ASM70989v1_cds_from_genomic.fna.gz,https://ftp.ncbi.nlm.nih.gov/genomes/all/GCA/011/004/865/GCA_011004865.1_bBalReg1.alt/GCA_011004865.1_bBalReg1.alt_genomic.fna.gz,aves
925459,https://ftp.ncbi.nlm.nih.gov/genomes/all/GCF/000/709/895/GCF_000709895.1_ASM70989v1/GCF_000709895.1_ASM70989v1_cds_from_genomic.fna.gz,https://ftp.ncbi.nlm.nih.gov/genomes/all/GCA/011/004/875/GCA_011004875.1_bBalReg1.pri/GCA_011004875.1_bBalReg1.pri_genomic.fna.gz,aves
1196302,https://ftp.ncbi.nlm.nih.gov/genomes/all/GCF/009/650/955/GCF_009650955.1_bCorMon1.pri/GCF_009650955.1_bCorMon1.pri_cds_from_genomic.fna.gz,https://ftp.ncbi.nlm.nih.gov/genomes/all/GCA/009/650/515/GCA_009650515.1_UO_Cmon_1.0/GCA_009650515.1_UO_Cmon_1.0_genomic.fna.gz,passeriformes
1196302,https://ftp.ncbi.nlm.nih.gov/genomes/all/GCF/009/650/955/GCF_009650955.1_bCorMon1.pri/GCF_009650955.1_bCorMon1.pri_cds_from_genomic.fna.gz,https://ftp.ncbi.nlm.nih.gov/genomes/all/GCA/009/651/025/GCA_009651025.1_bCorMon1.alt/GCA_009651025.1_bCorMon1.alt_genomic.fna.gz,passeriformes
1196302,https://ftp.ncbi.nlm.nih.gov/genomes/all/GCF/009/650/955/GCF_009650955.1_bCorMon1.pri/GCF_009650955.1_bCorMon1.pri_cds_from_genomic.fna.gz,https://ftp.ncbi.nlm.nih.gov/genomes/all/GCA/013/398/675/GCA_013398675.1_ASM1339867v1/GCA_013398675.1_ASM1339867v1_genomic.fna.gz,passeriformes